Cross validation,f1_macro,bal_acc,moy_geom,roc_auc,fit_time,score_time
dt0 : train,0.7631052115074589,0.7633159888491757,0.7627374341218539,0.842401236373871,0.0863032341003418,0.012497186660766602
dt0 : test,0.7312143699160293,0.70564896309465,0.6639944297695424,0.8332605930581735,0.08491818110148112,0.01254431406656901
dt1 : train,0.7630393514040273,0.7632473138381105,0.7626763274972194,0.8422846575087265,0.09045147895812988,0.012058258056640625
dt1 : test,0.7108264102265087,0.7552253225510901,0.7548191372208614,0.8274946211163038,0.0888654390970866,0.011647621790568033
dt2 : train,0.7633427751626214,0.7639790285706892,0.7622158827099713,0.8419201879873789,0.09189097086588542,0.012812296549479166
dt2 : test,0.7216008042086787,0.6937622324430498,0.6440320560962336,0.83360990634181,0.0885770320892334,0.011708815892537435
