Cross validation,f1_macro,bal_acc,moy_geom,roc_auc,fit_time,score_time
lr0 : train,0.7360050567312743,0.7105803632917582,0.671260583911036,0.8555545321810634,0.22693260510762533,0.026131947835286457
lr0 : test,0.7384151315175626,0.7132459798827143,0.6751235262894437,0.8543287713589959,0.07631619771321614,0.011583328247070312
lr1 : train,0.7259534682646999,0.773904867870639,0.7738474104644784,0.8558707779796199,0.08841419219970703,0.03155620892842611
lr1 : test,0.7242397539879194,0.7716778986268279,0.7715689327528686,0.8546321049639841,0.0285495122273763,0.013031403223673502
lr2 : train,0.7529335977540689,0.7498423635865139,0.7353239194431129,0.8557355414048775,0.22616934776306152,0.02539348602294922
lr2 : test,0.7520621816738213,0.7493745148242463,0.7348909894904309,0.8545004476590915,0.06145811080932617,0.010886430740356445
