Cross validation,f1_macro,bal_acc,moy_geom,roc_auc,fit_time,score_time
rf0 : train,0.7864127165825948,0.7864235360837007,0.7863914882771685,0.8715527034284462,5.058740615844727,0.8529345194498698
rf0 : test,0.7481767532038036,0.7181175750846044,0.6774444109834376,0.8662100114516407,4.955574989318848,0.758132537206014
rf1 : train,0.785947078955576,0.7859660094344044,0.7859099970127202,0.8705113868624247,6.244574069976807,0.9984757900238037
rf1 : test,0.740370565620653,0.7086452698265705,0.6622548198504117,0.8659614428271999,5.777116537094116,0.926523764928182
rf2 : train,0.7877496269969114,0.7877504761237105,0.7877478969346742,0.8713845577385863,5.18652359644572,0.8675800164540609
rf2 : test,0.752453723607278,0.7235193262786815,0.6858325933796774,0.866945870531539,4.962809801101685,0.7705783049265543
