Cross validation,f1_macro,bal_acc,moy_geom,roc_auc,fit_time,score_time
svm0 : train,0.7357054506419347,0.7060283147840898,0.6606461838861699,0.8208641161744072,4061.7985196908317,231.6406447092692
svm0 : test,0.7101386120431128,0.6799425533582731,0.6192971009216381,0.8165356111233931,535.8398217360178,47.77194690704346
svm1 : train,0.7453519157524474,0.7652637952465015,0.7608038951419491,0.8403066693282678,3581.4378464221954,256.37813035647076
svm1 : test,0.7343815972214701,0.7422642234315716,0.7318918174767887,0.8280319226844511,508.55791425704956,50.76871426900228
svm2 : train,0.7128212680306033,0.6802625479101921,0.6165961182557392,0.8231451079235058,2785.0755101044974,222.14206790924072
svm2 : test,0.6707194082708868,0.6423573809585094,0.5491229376382013,0.8191846371408268,393.2775178750356,47.15720645586649
