Cross validation,f1_macro,bal_acc,moy_geom,roc_auc,fit_time,score_time
svm0 : train,0.7821606223921717,0.7821677332415699,0.7821465369789878,0.8435576681210345,527.9216744105021,57.16678253809611
svm0 : test,0.714056349501548,0.6839268623032412,0.6259208623780753,0.8167768846928792,464.11912989616394,46.45291622479757
svm1 : train,0.7821606223921717,0.7821677332415699,0.7821465369789878,0.8435570902018926,551.3197159767151,55.2617301940918
svm1 : test,0.7365120265106331,0.7472136335848623,0.7384463968080418,0.8293526857739636,445.32695690790814,49.22600285212199
svm2 : train,0.7839855545873914,0.7839981507843808,0.7839603017228066,0.8472517051640649,414.75820446014404,57.648598512013756
svm2 : test,0.6704757584873874,0.6418556080529841,0.5471024469880779,0.8169981613582121,415.2939530213674,46.13795526822408
